S_Length,S_Speed
4.651896653,1.310187143
6.797824406,2.511886432
9.544842932,4.155915098
26.95478289,15.08921569
70.27822907,30.76096815
295.8681839,73.56422545
278.6677462,88.44365191
459.0391334,117.3095404
560.4732805,114.4634065
